Zone,Iso3,Année,Valeur
Afghanistan,AFG,2013,32269.589
Afghanistan,AFG,2014,33370.794
Afghanistan,AFG,2015,34413.603
Afghanistan,AFG,2016,35383.032
Afghanistan,AFG,2017,36296.113
Afghanistan,AFG,2018,37171.921
Afrique du Sud,ZAF,2013,53687.121
Afrique du Sud,ZAF,2014,54544.186
Afrique du Sud,ZAF,2015,55386.367
Afrique du Sud,ZAF,2016,56207.646
Afrique du Sud,ZAF,2017,57009.756
Afrique du Sud,ZAF,2018,57792.518
Albanie,ALB,2013,2903.79
Albanie,ALB,2014,2896.305
Albanie,ALB,2015,2890.513
Albanie,ALB,2016,2886.438
Albanie,ALB,2017,2884.169
Albanie,ALB,2018,2882.74
Algérie,DZA,2013,38140.133
Algérie,DZA,2014,38923.692
Algérie,DZA,2015,39728.025
Algérie,DZA,2016,40551.392
Algérie,DZA,2017,41389.189
Algérie,DZA,2018,42228.408
Allemagne,DEU,2013,81174.367
Allemagne,DEU,2014,81450.378
Allemagne,DEU,2015,81787.411
Allemagne,DEU,2016,82193.768
Allemagne,DEU,2017,82658.409
Allemagne,DEU,2018,83124.418
Andorre,AND,2013,80.774
Andorre,AND,2014,79.213
Andorre,AND,2015,78.011
Andorre,AND,2016,77.297
Andorre,AND,2017,77.001
Andorre,AND,2018,77.006
Angola,AGO,2013,26015.781
Angola,AGO,2014,26941.779
Angola,AGO,2015,27884.381
Angola,AGO,2016,28842.489
Angola,AGO,2017,29816.766
Angola,AGO,2018,30809.787
Anguilla,AIA,2013,13.954
Anguilla,AIA,2014,14.112
Anguilla,AIA,2015,14.279
Anguilla,AIA,2016,14.429
Anguilla,AIA,2017,14.584
Anguilla,AIA,2018,14.731
Antigua-et-Barbuda,ATG,2013,91.516
Antigua-et-Barbuda,ATG,2014,92.562
Antigua-et-Barbuda,ATG,2015,93.566
Antigua-et-Barbuda,ATG,2016,94.527
Antigua-et-Barbuda,ATG,2017,95.426
Antigua-et-Barbuda,ATG,2018,96.286
Antilles néerlandaises (ex),ANT,2013,263.872
Antilles néerlandaises (ex),ANT,2014,267.006
Antilles néerlandaises (ex),ANT,2015,269.936
Antilles néerlandaises (ex),ANT,2016,272.693
Antilles néerlandaises (ex),ANT,2017,275.186
Antilles néerlandaises (ex),ANT,2018,277.483
Arabie saoudite,SAU,2013,30052.059
Arabie saoudite,SAU,2014,30916.597
Arabie saoudite,SAU,2015,31717.667
Arabie saoudite,SAU,2016,32443.447
Arabie saoudite,SAU,2017,33101.179
Arabie saoudite,SAU,2018,33702.756
Argentine,ARG,2013,42196.03
Argentine,ARG,2014,42637.511
Argentine,ARG,2015,43075.416
Argentine,ARG,2016,43508.46
Argentine,ARG,2017,43937.14
Argentine,ARG,2018,44361.15
Arménie,ARM,2013,2897.588
Arménie,ARM,2014,2912.409
Arménie,ARM,2015,2925.553
Arménie,ARM,2016,2936.143
Arménie,ARM,2017,2944.791
Arménie,ARM,2018,2951.745
Aruba,ABW,2013,103.159
Aruba,ABW,2014,103.774
Aruba,ABW,2015,104.341
Aruba,ABW,2016,104.872
Aruba,ABW,2017,105.366
Aruba,ABW,2018,105.845
Australie,AUS,2013,23254.913
Australie,AUS,2014,23596.424
Australie,AUS,2015,23932.502
Australie,AUS,2016,24262.712
Australie,AUS,2017,24584.62
Australie,AUS,2018,24898.152
Autriche,AUT,2013,8556.189
Autriche,AUT,2014,8615.214
Autriche,AUT,2015,8678.66
Autriche,AUT,2016,8747.301
Autriche,AUT,2017,8819.901
Autriche,AUT,2018,8891.388
Azerbaïdjan,AZE,2013,9385.468
Azerbaïdjan,AZE,2014,9505.622
Azerbaïdjan,AZE,2015,9622.745
Azerbaïdjan,AZE,2016,9736.043
Azerbaïdjan,AZE,2017,9845.32
Azerbaïdjan,AZE,2018,9949.537
Bahamas,BHS,2013,367.169
Bahamas,BHS,2014,370.633
Bahamas,BHS,2015,374.206
Bahamas,BHS,2016,377.93
Bahamas,BHS,2017,381.755
Bahamas,BHS,2018,385.637
Bahreïn,BHR,2013,1315.028
Bahreïn,BHR,2014,1336.075
Bahreïn,BHR,2015,1371.851
Bahreïn,BHR,2016,1425.792
Bahreïn,BHR,2017,1494.076
Bahreïn,BHR,2018,1569.446
Bangladesh,BGD,2013,152761.418
Bangladesh,BGD,2014,154517.382
Bangladesh,BGD,2015,156256.276
Bangladesh,BGD,2016,157977.153
Bangladesh,BGD,2017,159685.424
Bangladesh,BGD,2018,161376.708
Barbade,BRB,2013,284.296
Barbade,BRB,2014,284.826
Barbade,BRB,2015,285.324
Barbade,BRB,2016,285.796
Barbade,BRB,2017,286.232
Barbade,BRB,2018,286.641
Bélarus,BLR,2013,9423.506
Bélarus,BLR,2014,9431.735
Bélarus,BLR,2015,9439.423
Bélarus,BLR,2016,9445.643
Bélarus,BLR,2017,9450.231
Bélarus,BLR,2018,9452.617
Belgique,BEL,2013,11154.009
Belgique,BEL,2014,11221.231
Belgique,BEL,2015,11287.94
Belgique,BEL,2016,11354.42
Belgique,BEL,2017,11419.748
Belgique,BEL,2018,11482.178
Belize,BLZ,2013,345.715
Belize,BLZ,2014,353.366
Belize,BLZ,2015,360.933
Belize,BLZ,2016,368.4
Belize,BLZ,2017,375.769
Belize,BLZ,2018,383.071
Bénin,BEN,2013,10004.591
Bénin,BEN,2014,10286.844
Bénin,BEN,2015,10575.952
Bénin,BEN,2016,10872.063
Bénin,BEN,2017,11175.198
Bénin,BEN,2018,11485.044
Bermudes,BMU,2013,64.386
Bermudes,BMU,2014,64.033
Bermudes,BMU,2015,63.692
Bermudes,BMU,2016,63.362
Bermudes,BMU,2017,63.049
Bermudes,BMU,2018,62.756
Bhoutan,BTN,2013,710.237
Bhoutan,BTN,2014,719.055
Bhoutan,BTN,2015,727.876
Bhoutan,BTN,2016,736.708
Bhoutan,BTN,2017,745.563
Bhoutan,BTN,2018,754.388
Bolivie (État plurinational de),BOL,2013,10542.377
Bolivie (État plurinational de),BOL,2014,10706.517
Bolivie (État plurinational de),BOL,2015,10869.73
Bolivie (État plurinational de),BOL,2016,11031.814
Bolivie (État plurinational de),BOL,2017,11192.855
Bolivie (État plurinational de),BOL,2018,11353.142
"Bonaire, Saint-Eustache et Saba",BES,2013,23.505
"Bonaire, Saint-Eustache et Saba",BES,2014,24.07
"Bonaire, Saint-Eustache et Saba",BES,2015,24.57
"Bonaire, Saint-Eustache et Saba",BES,2016,25.02
"Bonaire, Saint-Eustache et Saba",BES,2017,25.401
"Bonaire, Saint-Eustache et Saba",BES,2018,25.711
Bosnie-Herzégovine,BIH,2013,3542.606
Bosnie-Herzégovine,BIH,2014,3482.105
Bosnie-Herzégovine,BIH,2015,3429.361
Bosnie-Herzégovine,BIH,2016,3386.266
Bosnie-Herzégovine,BIH,2017,3351.525
Bosnie-Herzégovine,BIH,2018,3323.925
Botswana,BWA,2013,2062.548
Botswana,BWA,2014,2088.618
Botswana,BWA,2015,2120.716
Botswana,BWA,2016,2159.927
Botswana,BWA,2017,2205.08
Botswana,BWA,2018,2254.068
Brésil,BRA,2013,201035.912
Brésil,BRA,2014,202763.739
Brésil,BRA,2015,204471.769
Brésil,BRA,2016,206163.053
Brésil,BRA,2017,207833.823
Brésil,BRA,2018,209469.323
Brunéi Darussalam,BRN,2013,404.421
Brunéi Darussalam,BRN,2014,409.769
Brunéi Darussalam,BRN,2015,414.907
Brunéi Darussalam,BRN,2016,419.8
Brunéi Darussalam,BRN,2017,424.473
Brunéi Darussalam,BRN,2018,428.963
Bulgarie,BGR,2013,7290.088
Bulgarie,BGR,2014,7245.646
Bulgarie,BGR,2015,7199.741
Bulgarie,BGR,2016,7151.953
Bulgarie,BGR,2017,7102.444
Bulgarie,BGR,2018,7051.608
Burkina Faso,BFA,2013,17072.785
Burkina Faso,BFA,2014,17586.03
Burkina Faso,BFA,2015,18110.624
Burkina Faso,BFA,2016,18646.357
Burkina Faso,BFA,2017,19193.234
Burkina Faso,BFA,2018,19751.466
Burundi,BDI,2013,9540.291
Burundi,BDI,2014,9844.299
Burundi,BDI,2015,10160.03
Burundi,BDI,2016,10487.995
Burundi,BDI,2017,10827.019
Burundi,BDI,2018,11175.374
Cabo Verde,CPV,2013,511.748
Cabo Verde,CPV,2014,518.271
Cabo Verde,CPV,2015,524.743
Cabo Verde,CPV,2016,531.146
Cabo Verde,CPV,2017,537.498
Cabo Verde,CPV,2018,543.767
Cambodge,KHM,2013,15026.332
Cambodge,KHM,2014,15274.503
Cambodge,KHM,2015,15521.436
Cambodge,KHM,2016,15766.292
Cambodge,KHM,2017,16009.409
Cambodge,KHM,2018,16249.792
Cameroun,CMR,2013,22077.294
Cameroun,CMR,2014,22681.852
Cameroun,CMR,2015,23298.368
Cameroun,CMR,2016,23926.551
Cameroun,CMR,2017,24566.073
Cameroun,CMR,2018,25216.267
Canada,CAN,2013,35296.528
Canada,CAN,2014,35664.337
Canada,CAN,2015,36026.676
Canada,CAN,2016,36382.944
Canada,CAN,2017,36732.095
Canada,CAN,2018,37074.562
Chili,CHL,2013,17571.507
Chili,CHL,2014,17758.959
Chili,CHL,2015,17969.353
Chili,CHL,2016,18209.068
Chili,CHL,2017,18470.439
Chili,CHL,2018,18729.16
Chine - RAS de Hong-Kong,HKG,2013,7088.778
Chine - RAS de Hong-Kong,HKG,2014,7134.67
Chine - RAS de Hong-Kong,HKG,2015,7185.996
Chine - RAS de Hong-Kong,HKG,2016,7243.542
Chine - RAS de Hong-Kong,HKG,2017,7306.322
Chine - RAS de Hong-Kong,HKG,2018,7371.73
Chine - RAS de Macao,MAC,2013,577.372
Chine - RAS de Macao,MAC,2014,590.208
Chine - RAS de Macao,MAC,2015,602.085
Chine - RAS de Macao,MAC,2016,612.836
Chine - RAS de Macao,MAC,2017,622.585
Chine - RAS de Macao,MAC,2018,631.636
"Chine, continentale",CHN,2013,1391883.33
"Chine, continentale",CHN,2014,1399453.965
"Chine, continentale",CHN,2015,1406847.87
"Chine, continentale",CHN,2016,1414049.351
"Chine, continentale",CHN,2017,1421021.791
"Chine, continentale",CHN,2018,1427647.786
"Chine, Taiwan Province de",TWN,2013,23421.582
"Chine, Taiwan Province de",TWN,2014,23491.976
"Chine, Taiwan Province de",TWN,2015,23557.477
"Chine, Taiwan Province de",TWN,2016,23618.2
"Chine, Taiwan Province de",TWN,2017,23674.546
"Chine, Taiwan Province de",TWN,2018,23726.46
Chypre,CYP,2013,1143.866
Chypre,CYP,2014,1152.285
Chypre,CYP,2015,1160.985
Chypre,CYP,2016,1170.187
Chypre,CYP,2017,1179.678
Chypre,CYP,2018,1189.265
Colombie,COL,2013,46495.493
Colombie,COL,2014,46967.696
Colombie,COL,2015,47520.667
Colombie,COL,2016,48175.052
Colombie,COL,2017,48909.839
Colombie,COL,2018,49661.048
Comores,COM,2013,741.505
Comores,COM,2014,759.39
Comores,COM,2015,777.424
Comores,COM,2016,795.592
Comores,COM,2017,813.892
Comores,COM,2018,832.322
Congo,COG,2013,4622.762
Congo,COG,2014,4736.976
Congo,COG,2015,4856.095
Congo,COG,2016,4980.996
Congo,COG,2017,5110.695
Congo,COG,2018,5244.359
Costa Rica,CRI,2013,4742.107
Costa Rica,CRI,2014,4795.396
Costa Rica,CRI,2015,4847.804
Costa Rica,CRI,2016,4899.345
Costa Rica,CRI,2017,4949.954
Costa Rica,CRI,2018,4999.441
Côte d'Ivoire,CIV,2013,22087.504
Côte d'Ivoire,CIV,2014,22647.684
Côte d'Ivoire,CIV,2015,23226.143
Côte d'Ivoire,CIV,2016,23822.714
Côte d'Ivoire,CIV,2017,24437.47
Côte d'Ivoire,CIV,2018,25069.23
Croatie,HRV,2013,4276.598
Croatie,HRV,2014,4255.512
Croatie,HRV,2015,4232.874
Croatie,HRV,2016,4208.602
Croatie,HRV,2017,4182.857
Croatie,HRV,2018,4156.405
Cuba,CUB,2013,11282.723
Cuba,CUB,2014,11306.904
Cuba,CUB,2015,11324.781
Cuba,CUB,2016,11335.104
Cuba,CUB,2017,11339.254
Cuba,CUB,2018,11338.134
Curaçao,CUW,2013,156.794
Curaçao,CUW,2014,158.422
Curaçao,CUW,2015,159.847
Curaçao,CUW,2016,161.052
Curaçao,CUW,2017,161.997
Curaçao,CUW,2018,162.752
Danemark,DNK,2013,5638.145
Danemark,DNK,2014,5664.196
Danemark,DNK,2015,5688.695
Danemark,DNK,2016,5711.349
Danemark,DNK,2017,5732.274
Danemark,DNK,2018,5752.126
Djibouti,DJI,2013,883.293
Djibouti,DJI,2014,898.695
Djibouti,DJI,2015,913.993
Djibouti,DJI,2016,929.112
Djibouti,DJI,2017,944.099
Djibouti,DJI,2018,958.923
Dominique,DMA,2013,71.016
Dominique,DMA,2014,71.085
Dominique,DMA,2015,71.183
Dominique,DMA,2016,71.307
Dominique,DMA,2017,71.458
Dominique,DMA,2018,71.625
Égypte,EGY,2013,88404.646
Égypte,EGY,2014,90424.656
Égypte,EGY,2015,92442.547
Égypte,EGY,2016,94447.073
Égypte,EGY,2017,96442.591
Égypte,EGY,2018,98423.598
El Salvador,SLV,2013,6266.07
El Salvador,SLV,2014,6295.128
El Salvador,SLV,2015,6325.124
El Salvador,SLV,2016,6356.143
El Salvador,SLV,2017,6388.126
El Salvador,SLV,2018,6420.746
Émirats arabes unis,ARE,2013,9197.91
Émirats arabes unis,ARE,2014,9214.175
Émirats arabes unis,ARE,2015,9262.9
Émirats arabes unis,ARE,2016,9360.98
Émirats arabes unis,ARE,2017,9487.203
Émirats arabes unis,ARE,2018,9630.959
Équateur,ECU,2013,15707.474
Équateur,ECU,2014,15951.84
Équateur,ECU,2015,16212.02
Équateur,ECU,2016,16491.116
Équateur,ECU,2017,16785.361
Équateur,ECU,2018,17084.358
Érythrée,ERI,2013,3281.449
Érythrée,ERI,2014,3311.449
Érythrée,ERI,2015,3342.818
Érythrée,ERI,2016,3376.557
Érythrée,ERI,2017,3412.893
Érythrée,ERI,2018,3452.786
Espagne,ESP,2013,46930.555
Espagne,ESP,2014,46777.925
Espagne,ESP,2015,46671.926
Espagne,ESP,2016,46634.14
Espagne,ESP,2017,46647.428
Espagne,ESP,2018,46692.858
Estonie,EST,2013,1319.062
Estonie,EST,2014,1316.277
Estonie,EST,2015,1315.325
Estonie,EST,2016,1316.51
Estonie,EST,2017,1319.39
Estonie,EST,2018,1322.92
Eswatini,SWZ,2013,1086.843
Eswatini,SWZ,2014,1095.019
Eswatini,SWZ,2015,1104.044
Eswatini,SWZ,2016,1113.997
Eswatini,SWZ,2017,1124.805
Eswatini,SWZ,2018,1136.281
États-Unis d'Amérique,USA,2013,316400.538
États-Unis d'Amérique,USA,2014,318673.411
États-Unis d'Amérique,USA,2015,320878.31
États-Unis d'Amérique,USA,2016,323015.995
États-Unis d'Amérique,USA,2017,325084.756
États-Unis d'Amérique,USA,2018,327096.265
Éthiopie,ETH,2013,95385.798
Éthiopie,ETH,2014,98094.265
Éthiopie,ETH,2015,100835.458
Éthiopie,ETH,2016,103603.462
Éthiopie,ETH,2017,106399.924
Éthiopie,ETH,2018,109224.414
Fédération de Russie,RUS,2013,144325.449
Fédération de Russie,RUS,2014,144664.841
Fédération de Russie,RUS,2015,144985.057
Fédération de Russie,RUS,2016,145275.383
Fédération de Russie,RUS,2017,145530.082
Fédération de Russie,RUS,2018,145734.038
Fidji,FJI,2013,865.608
Fidji,FJI,2014,866.453
Fidji,FJI,2015,868.627
Fidji,FJI,2016,872.399
Fidji,FJI,2017,877.459
Fidji,FJI,2018,883.483
Finlande,FIN,2013,5438.982
Finlande,FIN,2014,5461.411
Finlande,FIN,2015,5481.122
Finlande,FIN,2016,5497.713
Finlande,FIN,2017,5511.371
Finlande,FIN,2018,5522.576
France,FRA,2013,63893.525
France,FRA,2014,64193.55
France,FRA,2015,64453.2
France,FRA,2016,64667.596
France,FRA,2017,64842.509
France,FRA,2018,64990.511
Gabon,GAB,2013,1817.071
Gabon,GAB,2014,1883.8
Gabon,GAB,2015,1947.686
Gabon,GAB,2016,2007.873
Gabon,GAB,2017,2064.823
Gabon,GAB,2018,2119.275
Gambie,GMB,2013,1963.712
Gambie,GMB,2014,2024.042
Gambie,GMB,2015,2085.86
Gambie,GMB,2016,2149.136
Gambie,GMB,2017,2213.889
Gambie,GMB,2018,2280.094
Géorgie,GEO,2013,4048.701
Géorgie,GEO,2014,4035.311
Géorgie,GEO,2015,4024.183
Géorgie,GEO,2016,4015.45
Géorgie,GEO,2017,4008.716
Géorgie,GEO,2018,4002.942
Ghana,GHA,2013,26607.645
Ghana,GHA,2014,27224.473
Ghana,GHA,2015,27849.205
Ghana,GHA,2016,28481.945
Ghana,GHA,2017,29121.465
Ghana,GHA,2018,29767.102
Gibraltar,GIB,2013,33.692
Gibraltar,GIB,2014,33.725
Gibraltar,GIB,2015,33.736
Gibraltar,GIB,2016,33.737
Gibraltar,GIB,2017,33.728
Gibraltar,GIB,2018,33.718
Grèce,GRC,2013,10740.5
Grèce,GRC,2014,10701.456
Grèce,GRC,2015,10659.75
Grèce,GRC,2016,10615.185
Grèce,GRC,2017,10569.45
Grèce,GRC,2018,10522.246
Grenade,GRD,2013,108.17
Grenade,GRD,2014,108.902
Grenade,GRD,2015,109.599
Grenade,GRD,2016,110.261
Grenade,GRD,2017,110.874
Grenade,GRD,2018,111.454
Groenland,GRL,2013,56.414
Groenland,GRL,2014,56.381
Groenland,GRL,2015,56.377
Groenland,GRL,2016,56.412
Groenland,GRL,2017,56.481
Groenland,GRL,2018,56.564
Guadeloupe,GLP,2013,402.829
Guadeloupe,GLP,2014,401.314
Guadeloupe,GLP,2015,400.255
Guadeloupe,GLP,2016,399.763
Guadeloupe,GLP,2017,399.672
Guadeloupe,GLP,2018,399.848
Guam,GUM,2013,160.407
Guam,GUM,2014,161.016
Guam,GUM,2015,161.853
Guam,GUM,2016,162.951
Guam,GUM,2017,164.281
Guam,GUM,2018,165.768
Guatemala,GTM,2013,15595.816
Guatemala,GTM,2014,15923.236
Guatemala,GTM,2015,16252.429
Guatemala,GTM,2016,16583.076
Guatemala,GTM,2017,16914.97
Guatemala,GTM,2018,17247.849
Guinée,GIN,2013,10892.817
Guinée,GIN,2014,11150.982
Guinée,GIN,2015,11432.088
Guinée,GIN,2016,11738.429
Guinée,GIN,2017,12067.519
Guinée,GIN,2018,12414.293
Guinée équatoriale,GNQ,2013,1076.413
Guinée équatoriale,GNQ,2014,1122.277
Guinée équatoriale,GNQ,2015,1168.568
Guinée équatoriale,GNQ,2016,1215.18
Guinée équatoriale,GNQ,2017,1262.002
Guinée équatoriale,GNQ,2018,1308.975
Guinée-Bissau,GNB,2013,1648.255
Guinée-Bissau,GNB,2014,1692.437
Guinée-Bissau,GNB,2015,1737.202
Guinée-Bissau,GNB,2016,1782.438
Guinée-Bissau,GNB,2017,1828.145
Guinée-Bissau,GNB,2018,1874.303
Guyana,GUY,2013,759.285
Guyana,GUY,2014,763.38
Guyana,GUY,2015,767.432
Guyana,GUY,2016,771.368
Guyana,GUY,2017,775.222
Guyana,GUY,2018,779.006
Guyane française,GUF,2013,249.054
Guyane française,GUF,2014,254.773
Guyane française,GUF,2015,260.999
Guyane française,GUF,2016,267.821
Guyane française,GUF,2017,275.191
Guyane française,GUF,2018,282.938
Haïti,HTI,2013,10400.675
Haïti,HTI,2014,10549.009
Haïti,HTI,2015,10695.542
Haïti,HTI,2016,10839.97
Haïti,HTI,2017,10982.366
Haïti,HTI,2018,11123.178
Honduras,HND,2013,8798.521
Honduras,HND,2014,8955.589
Honduras,HND,2015,9112.916
Honduras,HND,2016,9270.795
Honduras,HND,2017,9429.013
Honduras,HND,2018,9587.522
Hongrie,HUN,2013,9833.923
Hongrie,HUN,2014,9804.991
Hongrie,HUN,2015,9777.923
Hongrie,HUN,2016,9752.975
Hongrie,HUN,2017,9729.823
Hongrie,HUN,2018,9707.499
Île de Man,IMN,2013,83.976
Île de Man,IMN,2014,83.488
Île de Man,IMN,2015,83.234
Île de Man,IMN,2016,83.287
Île de Man,IMN,2017,83.598
Île de Man,IMN,2018,84.077
Îles Anglo-Normandes,GGY,2013,163.038
Îles Anglo-Normandes,GGY,2014,164.1
Îles Anglo-Normandes,GGY,2015,165.385
Îles Anglo-Normandes,GGY,2016,166.923
Îles Anglo-Normandes,GGY,2017,168.665
Îles Anglo-Normandes,GGY,2018,170.499
Îles Caïmanes,CYM,2013,59.932
Îles Caïmanes,CYM,2014,60.848
Îles Caïmanes,CYM,2015,61.724
Îles Caïmanes,CYM,2016,62.569
Îles Caïmanes,CYM,2017,63.382
Îles Caïmanes,CYM,2018,64.174
Îles Cook,COK,2013,17.833
Îles Cook,COK,2014,17.691
Îles Cook,COK,2015,17.586
Îles Cook,COK,2016,17.524
Îles Cook,COK,2017,17.507
Îles Cook,COK,2018,17.518
Îles Falkland (Malvinas),FLK,2013,2.794
Îles Falkland (Malvinas),FLK,2014,2.792
Îles Falkland (Malvinas),FLK,2015,2.834
Îles Falkland (Malvinas),FLK,2016,2.928
Îles Falkland (Malvinas),FLK,2017,3.068
Îles Falkland (Malvinas),FLK,2018,3.234
Îles Féroé,FRO,2013,47.892
Îles Féroé,FRO,2014,47.96
Îles Féroé,FRO,2015,48.051
Îles Féroé,FRO,2016,48.173
Îles Féroé,FRO,2017,48.331
Îles Féroé,FRO,2018,48.497
Îles Mariannes du Nord,MNP,2013,54.784
Îles Mariannes du Nord,MNP,2014,55.305
Îles Mariannes du Nord,MNP,2015,55.78
Îles Mariannes du Nord,MNP,2016,56.188
Îles Mariannes du Nord,MNP,2017,56.562
Îles Mariannes du Nord,MNP,2018,56.882
Îles Marshall,MHL,2013,56.938
Îles Marshall,MHL,2014,57.179
Îles Marshall,MHL,2015,57.439
Îles Marshall,MHL,2016,57.735
Îles Marshall,MHL,2017,58.058
Îles Marshall,MHL,2018,58.413
Îles Salomon,SLB,2013,571.336
Îles Salomon,SLB,2014,587.079
Îles Salomon,SLB,2015,603.118
Îles Salomon,SLB,2016,619.438
Îles Salomon,SLB,2017,636.039
Îles Salomon,SLB,2018,652.857
Îles Turques-et-Caïques,TCA,2013,34.731
Îles Turques-et-Caïques,TCA,2014,35.369
Îles Turques-et-Caïques,TCA,2015,35.981
Îles Turques-et-Caïques,TCA,2016,36.559
Îles Turques-et-Caïques,TCA,2017,37.115
Îles Turques-et-Caïques,TCA,2018,37.665
Îles Vierges américaines,VIR,2013,105.303
Îles Vierges américaines,VIR,2014,105.114
Îles Vierges américaines,VIR,2015,104.958
Îles Vierges américaines,VIR,2016,104.835
Îles Vierges américaines,VIR,2017,104.751
Îles Vierges américaines,VIR,2018,104.68
Îles Vierges britanniques,VGB,2013,28.847
Îles Vierges britanniques,VGB,2014,28.989
Îles Vierges britanniques,VGB,2015,29.152
Îles Vierges britanniques,VGB,2016,29.355
Îles Vierges britanniques,VGB,2017,29.577
Îles Vierges britanniques,VGB,2018,29.802
Îles Wallis-et-Futuna,WLF,2013,12.356
Îles Wallis-et-Futuna,WLF,2014,12.34
Îles Wallis-et-Futuna,WLF,2015,12.266
Îles Wallis-et-Futuna,WLF,2016,12.107
Îles Wallis-et-Futuna,WLF,2017,11.9
Îles Wallis-et-Futuna,WLF,2018,11.661
Inde,IND,2013,1280842.125
Inde,IND,2014,1295600.772
Inde,IND,2015,1310152.403
Inde,IND,2016,1324517.249
Inde,IND,2017,1338676.785
Inde,IND,2018,1352642.28
Indonésie,IDN,2013,251805.307
Indonésie,IDN,2014,255128.076
Indonésie,IDN,2015,258383.256
Indonésie,IDN,2016,261556.381
Indonésie,IDN,2017,264650.963
Indonésie,IDN,2018,267670.543
Iran (République islamique d'),IRN,2013,76481.961
Iran (République islamique d'),IRN,2014,77465.77
Iran (République islamique d'),IRN,2015,78492.215
Iran (République islamique d'),IRN,2016,79563.989
Iran (République islamique d'),IRN,2017,80673.883
Iran (République islamique d'),IRN,2018,81800.188
Iraq,IRQ,2013,33157.05
Iraq,IRQ,2014,34411.951
Iraq,IRQ,2015,35572.261
Iraq,IRQ,2016,36610.632
Iraq,IRQ,2017,37552.781
Iraq,IRQ,2018,38433.6
Irlande,IRL,2013,4615.422
Irlande,IRL,2014,4626.844
Irlande,IRL,2015,4652.425
Irlande,IRL,2016,4695.779
Irlande,IRL,2017,4753.279
Irlande,IRL,2018,4818.69
Islande,ISL,2013,327.187
Islande,ISL,2014,328.594
Islande,ISL,2015,330.243
Islande,ISL,2016,332.206
Islande,ISL,2017,334.393
Islande,ISL,2018,336.713
Israël,ISR,2013,7734.841
Israël,ISR,2014,7854.213
Israël,ISR,2015,7978.49
Israël,ISR,2016,8108.985
Israël,ISR,2017,8243.848
Israël,ISR,2018,8381.516
Italie,ITA,2013,60166.83
Italie,ITA,2014,60409.62
Italie,ITA,2015,60578.494
Italie,ITA,2016,60663.06
Italie,ITA,2017,60673.701
Italie,ITA,2018,60627.291
Jamaïque,JAM,2013,2858.712
Jamaïque,JAM,2014,2875.139
Jamaïque,JAM,2015,2891.021
Jamaïque,JAM,2016,2906.236
Jamaïque,JAM,2017,2920.848
Jamaïque,JAM,2018,2934.847
Japon,JPN,2013,128314.195
Japon,JPN,2014,128168.639
Japon,JPN,2015,127985.133
Japon,JPN,2016,127763.265
Japon,JPN,2017,127502.725
Japon,JPN,2018,127202.192
Jordanie,JOR,2013,8518.983
Jordanie,JOR,2014,8918.828
Jordanie,JOR,2015,9266.575
Jordanie,JOR,2016,9554.286
Jordanie,JOR,2017,9785.843
Jordanie,JOR,2018,9965.318
Kazakhstan,KAZ,2013,17026.117
Kazakhstan,KAZ,2014,17302.615
Kazakhstan,KAZ,2015,17572.016
Kazakhstan,KAZ,2016,17830.901
Kazakhstan,KAZ,2017,18080.019
Kazakhstan,KAZ,2018,18319.618
Kenya,KEN,2013,45519.981
Kenya,KEN,2014,46700.055
Kenya,KEN,2015,47878.336
Kenya,KEN,2016,49051.534
Kenya,KEN,2017,50221.142
Kenya,KEN,2018,51392.565
Kirghizistan,KGZ,2013,5731.303
Kirghizistan,KGZ,2014,5844.532
Kirghizistan,KGZ,2015,5959.121
Kirghizistan,KGZ,2016,6074.33
Kirghizistan,KGZ,2017,6189.733
Kirghizistan,KGZ,2018,6304.03
Kiribati,KIR,2013,107.89
Kiribati,KIR,2014,109.391
Kiribati,KIR,2015,110.93
Kiribati,KIR,2016,112.524
Kiribati,KIR,2017,114.158
Kiribati,KIR,2018,115.847
Koweït,KWT,2013,3526.376
Koweït,KWT,2014,3690.941
Koweït,KWT,2015,3835.591
Koweït,KWT,2016,3956.875
Koweït,KWT,2017,4056.099
Koweït,KWT,2018,4137.312
Lesotho,LSO,2013,2028.53
Lesotho,LSO,2014,2043.445
Lesotho,LSO,2015,2059.021
Lesotho,LSO,2016,2075.03
Lesotho,LSO,2017,2091.534
Lesotho,LSO,2018,2108.328
Lettonie,LVA,2013,2044.957
Lettonie,LVA,2014,2021.219
Lettonie,LVA,2015,1997.674
Lettonie,LVA,2016,1974.266
Lettonie,LVA,2017,1951.097
Lettonie,LVA,2018,1928.459
Liban,LBN,2013,5913.022
Liban,LBN,2014,6261.044
Liban,LBN,2015,6532.678
Liban,LBN,2016,6714.281
Liban,LBN,2017,6819.373
Liban,LBN,2018,6859.408
Libéria,LBR,2013,4248.334
Libéria,LBR,2014,4359.506
Libéria,LBR,2015,4472.23
Libéria,LBR,2016,4586.787
Libéria,LBR,2017,4702.226
Libéria,LBR,2018,4818.973
Libye,LBY,2013,6320.36
Libye,LBY,2014,6362.037
Libye,LBY,2015,6418.315
Libye,LBY,2016,6492.162
Libye,LBY,2017,6580.724
Libye,LBY,2018,6678.559
Liechtenstein,LIE,2013,36.934
Liechtenstein,LIE,2014,37.223
Liechtenstein,LIE,2015,37.47
Liechtenstein,LIE,2016,37.658
Liechtenstein,LIE,2017,37.8
Liechtenstein,LIE,2018,37.91
Lituanie,LTU,2013,3008.934
Lituanie,LTU,2014,2971.497
Lituanie,LTU,2015,2931.88
Lituanie,LTU,2016,2889.557
Lituanie,LTU,2017,2845.414
Lituanie,LTU,2018,2801.264
Luxembourg,LUX,2013,542.56
Luxembourg,LUX,2014,554.516
Luxembourg,LUX,2015,566.741
Luxembourg,LUX,2016,579.264
Luxembourg,LUX,2017,591.91
Luxembourg,LUX,2018,604.245
Macédoine du Nord,MKD,2013,2076.067
Macédoine du Nord,MKD,2014,2077.775
Macédoine du Nord,MKD,2015,2079.328
Macédoine du Nord,MKD,2016,2080.743
Macédoine du Nord,MKD,2017,2081.996
Macédoine du Nord,MKD,2018,2082.957
Madagascar,MDG,2013,22961.255
Madagascar,MDG,2014,23589.888
Madagascar,MDG,2015,24234.088
Madagascar,MDG,2016,24894.37
Madagascar,MDG,2017,25570.512
Madagascar,MDG,2018,26262.313
Malaisie,MYS,2013,29468.923
Malaisie,MYS,2014,29866.603
Malaisie,MYS,2015,30270.962
Malaisie,MYS,2016,30684.654
Malaisie,MYS,2017,31104.646
Malaisie,MYS,2018,31528.033
Malawi,MWI,2013,15839.286
Malawi,MWI,2014,16289.552
Malawi,MWI,2015,16745.303
Malawi,MWI,2016,17205.261
Malawi,MWI,2017,17670.196
Malawi,MWI,2018,18143.217
Maldives,MDV,2013,415.593
Maldives,MDV,2014,435.015
Maldives,MDV,2015,454.915
Maldives,MDV,2016,475.512
Maldives,MDV,2017,496.402
Maldives,MDV,2018,515.696
Mali,MLI,2013,16449.854
Mali,MLI,2014,16934.214
Mali,MLI,2015,17438.778
Mali,MLI,2016,17965.443
Mali,MLI,2017,18512.43
Mali,MLI,2018,19077.749
Malte,MLT,2013,426.151
Malte,MLT,2014,430.197
Malte,MLT,2015,433.559
Malte,MLT,2016,436.097
Malte,MLT,2017,437.933
Malte,MLT,2018,439.248
Maroc,MAR,2013,33715.703
Maroc,MAR,2014,34192.357
Maroc,MAR,2015,34663.603
Maroc,MAR,2016,35126.283
Maroc,MAR,2017,35581.255
Maroc,MAR,2018,36029.093
Martinique,MTQ,2013,384.576
Martinique,MTQ,2014,381.138
Martinique,MTQ,2015,378.478
Martinique,MTQ,2016,376.791
Martinique,MTQ,2017,375.948
Martinique,MTQ,2018,375.673
Maurice,MUS,2013,1255.452
Maurice,MUS,2014,1257.355
Maurice,MUS,2015,1259.456
Maurice,MUS,2016,1261.865
Maurice,MUS,2017,1264.499
Maurice,MUS,2018,1267.185
Mauritanie,MRT,2013,3817.494
Mauritanie,MRT,2014,3930.896
Mauritanie,MRT,2015,4046.301
Mauritanie,MRT,2016,4163.533
Mauritanie,MRT,2017,4282.57
Mauritanie,MRT,2018,4403.313
Mayotte,MYT,2013,227.378
Mayotte,MYT,2014,233.654
Mayotte,MYT,2015,240.02
Mayotte,MYT,2016,246.45
Mayotte,MYT,2017,252.957
Mayotte,MYT,2018,259.531
Mexique,MEX,2013,118827.161
Mexique,MEX,2014,120355.128
Mexique,MEX,2015,121858.258
Mexique,MEX,2016,123333.376
Mexique,MEX,2017,124777.324
Mexique,MEX,2018,126190.788
Micronésie (États fédérés de),FSM,2013,105.926
Micronésie (États fédérés de),FSM,2014,107.446
Micronésie (États fédérés de),FSM,2015,108.895
Micronésie (États fédérés de),FSM,2016,110.215
Micronésie (États fédérés de),FSM,2017,111.459
Micronésie (États fédérés de),FSM,2018,112.64
Monaco,MCO,2013,36.901
Monaco,MCO,2014,37.322
Monaco,MCO,2015,37.718
Monaco,MCO,2016,38.07
Monaco,MCO,2017,38.392
Monaco,MCO,2018,38.682
Mongolie,MNG,2013,2881.791
Mongolie,MNG,2014,2940.108
Mongolie,MNG,2015,2998.439
Mongolie,MNG,2016,3056.364
Mongolie,MNG,2017,3113.786
Mongolie,MNG,2018,3170.216
Monténégro,MNE,2013,626.345
Monténégro,MNE,2014,626.645
Monténégro,MNE,2015,626.956
Monténégro,MNE,2016,627.264
Monténégro,MNE,2017,627.563
Monténégro,MNE,2018,627.809
Montserrat,MSR,2013,4.944
Montserrat,MSR,2014,4.957
Montserrat,MSR,2015,4.967
Montserrat,MSR,2016,4.981
Montserrat,MSR,2017,4.984
Montserrat,MSR,2018,4.993
Mozambique,MOZ,2013,25560.755
Mozambique,MOZ,2014,26286.191
Mozambique,MOZ,2015,27042.002
Mozambique,MOZ,2016,27829.938
Mozambique,MOZ,2017,28649.018
Mozambique,MOZ,2018,29496.004
Myanmar,MMR,2013,51852.468
Myanmar,MMR,2014,52280.824
Myanmar,MMR,2015,52680.726
Myanmar,MMR,2016,53045.201
Myanmar,MMR,2017,53382.523
Myanmar,MMR,2018,53708.32
Namibie,NAM,2013,2233.508
Namibie,NAM,2014,2273.423
Namibie,NAM,2015,2314.904
Namibie,NAM,2016,2358.044
Namibie,NAM,2017,2402.633
Namibie,NAM,2018,2448.301
Nauru,NRU,2013,10.209
Nauru,NRU,2014,10.289
Nauru,NRU,2015,10.383
Nauru,NRU,2016,10.475
Nauru,NRU,2017,10.573
Nauru,NRU,2018,10.67
Népal,NPL,2013,26916.793
Népal,NPL,2014,26905.978
Népal,NPL,2015,27015.031
Népal,NPL,2016,27263.433
Népal,NPL,2017,27632.681
Népal,NPL,2018,28095.714
Nicaragua,NIC,2013,6062.457
Nicaragua,NIC,2014,6142.731
Nicaragua,NIC,2015,6223.24
Nicaragua,NIC,2016,6303.974
Nicaragua,NIC,2017,6384.846
Nicaragua,NIC,2018,6465.501
Niger,NER,2013,18504.281
Niger,NER,2014,19240.179
Niger,NER,2015,20001.663
Niger,NER,2016,20788.798
Niger,NER,2017,21602.382
Niger,NER,2018,22442.822
Nigéria,NGA,2013,171765.816
Nigéria,NGA,2014,176404.934
Nigéria,NGA,2015,181137.448
Nigéria,NGA,2016,185960.241
Nigéria,NGA,2017,190873.244
Nigéria,NGA,2018,195874.683
Nioué,NIU,2013,1.612
Nioué,NIU,2014,1.609
Nioué,NIU,2015,1.619
Nioué,NIU,2016,1.614
Nioué,NIU,2017,1.609
Nioué,NIU,2018,1.62
Norvège,NOR,2013,5079.455
Norvège,NOR,2014,5142.265
Norvège,NOR,2015,5199.836
Norvège,NOR,2016,5250.949
Norvège,NOR,2017,5296.326
Norvège,NOR,2018,5337.962
Nouvelle-Calédonie,NCL,2013,264.242
Nouvelle-Calédonie,NCL,2014,267.739
Nouvelle-Calédonie,NCL,2015,271.065
Nouvelle-Calédonie,NCL,2016,274.191
Nouvelle-Calédonie,NCL,2017,277.15
Nouvelle-Calédonie,NCL,2018,279.993
Nouvelle-Zélande,NZL,2013,4518.515
Nouvelle-Zélande,NZL,2014,4567.527
Nouvelle-Zélande,NZL,2015,4614.532
Nouvelle-Zélande,NZL,2016,4659.265
Nouvelle-Zélande,NZL,2017,4702.034
Nouvelle-Zélande,NZL,2018,4743.131
Oman,OMN,2013,3764.806
Oman,OMN,2014,4027.26
Oman,OMN,2015,4267.348
Oman,OMN,2016,4479.219
Oman,OMN,2017,4665.928
Oman,OMN,2018,4829.473
Ouganda,UGA,2013,35694.519
Ouganda,UGA,2014,36911.523
Ouganda,UGA,2015,38225.453
Ouganda,UGA,2016,39649.166
Ouganda,UGA,2017,41166.588
Ouganda,UGA,2018,42729.036
Ouzbékistan,UZB,2013,29932.631
Ouzbékistan,UZB,2014,30426.388
Ouzbékistan,UZB,2015,30929.557
Ouzbékistan,UZB,2016,31441.751
Ouzbékistan,UZB,2017,31959.785
Ouzbékistan,UZB,2018,32476.244
Pakistan,PAK,2013,191260.806
Pakistan,PAK,2014,195305.013
Pakistan,PAK,2015,199426.964
Pakistan,PAK,2016,203631.353
Pakistan,PAK,2017,207906.209
Pakistan,PAK,2018,212228.286
Palaos,PLW,2013,17.606
Palaos,PLW,2014,17.626
Palaos,PLW,2015,17.665
Palaos,PLW,2016,17.725
Palaos,PLW,2017,17.808
Palaos,PLW,2018,17.907
Palestine,PSE,2013,4333.523
Palestine,PSE,2014,4428.639
Palestine,PSE,2015,4529.166
Palestine,PSE,2016,4635.654
Palestine,PSE,2017,4747.227
Palestine,PSE,2018,4862.979
Panama,PAN,2013,3835.435
Panama,PAN,2014,3901.314
Panama,PAN,2015,3968.487
Panama,PAN,2016,4037.078
Panama,PAN,2017,4106.769
Panama,PAN,2018,4176.869
Papouasie-Nouvelle-Guinée,PNG,2013,7788.38
Papouasie-Nouvelle-Guinée,PNG,2014,7946.73
Papouasie-Nouvelle-Guinée,PNG,2015,8107.775
Papouasie-Nouvelle-Guinée,PNG,2016,8271.762
Papouasie-Nouvelle-Guinée,PNG,2017,8438.036
Papouasie-Nouvelle-Guinée,PNG,2018,8606.323
Paraguay,PRY,2013,6510.276
Paraguay,PRY,2014,6599.526
Paraguay,PRY,2015,6688.746
Paraguay,PRY,2016,6777.872
Paraguay,PRY,2017,6867.061
Paraguay,PRY,2018,6956.066
Pays-Bas,NLD,2013,16843.502
Pays-Bas,NLD,2014,16892.523
Pays-Bas,NLD,2015,16938.499
Pays-Bas,NLD,2016,16981.295
Pays-Bas,NLD,2017,17021.347
Pays-Bas,NLD,2018,17059.56
Pérou,PER,2013,29773.987
Pérou,PER,2014,30090.359
Pérou,PER,2015,30470.734
Pérou,PER,2016,30926.032
Pérou,PER,2017,31444.298
Pérou,PER,2018,31989.26
Philippines,PHL,2013,98871.555
Philippines,PHL,2014,100513.142
Philippines,PHL,2015,102113.212
Philippines,PHL,2016,103663.816
Philippines,PHL,2017,105172.925
Philippines,PHL,2018,106651.394
Pologne,POL,2013,38158.041
Pologne,POL,2014,38091.089
Pologne,POL,2015,38034.079
Pologne,POL,2016,37989.22
Pologne,POL,2017,37953.18
Pologne,POL,2018,37921.592
Polynésie française,PYF,2013,270.328
Polynésie française,PYF,2014,271.705
Polynésie française,PYF,2015,273.124
Polynésie française,PYF,2016,274.575
Polynésie française,PYF,2017,276.102
Polynésie française,PYF,2018,277.679
Porto Rico,PRI,2013,3503.858
Porto Rico,PRI,2014,3453.672
Porto Rico,PRI,2015,3381.518
Porto Rico,PRI,2016,3283.125
Porto Rico,PRI,2017,3163.667
Porto Rico,PRI,2018,3039.596
Portugal,PRT,2013,10473.021
Portugal,PRT,2014,10418.218
Portugal,PRT,2015,10368.351
Portugal,PRT,2016,10325.538
Portugal,PRT,2017,10288.527
Portugal,PRT,2018,10256.193
Qatar,QAT,2013,2336.574
Qatar,QAT,2014,2459.198
Qatar,QAT,2015,2565.71
Qatar,QAT,2016,2654.374
Qatar,QAT,2017,2724.728
Qatar,QAT,2018,2781.682
République arabe syrienne,SYR,2013,19578.461
République arabe syrienne,SYR,2014,18710.711
République arabe syrienne,SYR,2015,17997.408
République arabe syrienne,SYR,2016,17465.575
République arabe syrienne,SYR,2017,17095.678
République arabe syrienne,SYR,2018,16945.057
République centrafricaine,CAF,2013,4447.944
République centrafricaine,CAF,2014,4464.175
République centrafricaine,CAF,2015,4493.17
République centrafricaine,CAF,2016,4537.686
République centrafricaine,CAF,2017,4596.023
République centrafricaine,CAF,2018,4666.368
République de Corée,KOR,2013,50345.717
République de Corée,KOR,2014,50607.907
République de Corée,KOR,2015,50823.093
République de Corée,KOR,2016,50983.457
République de Corée,KOR,2017,51096.415
République de Corée,KOR,2018,51171.706
République de Moldova,MDA,2013,4074.591
République de Moldova,MDA,2014,4073.407
République de Moldova,MDA,2015,4070.7
République de Moldova,MDA,2016,4066.009
République de Moldova,MDA,2017,4059.684
République de Moldova,MDA,2018,4051.944
République démocratique du Congo,COD,2013,71358.807
République démocratique du Congo,COD,2014,73767.447
République démocratique du Congo,COD,2015,76244.544
République démocratique du Congo,COD,2016,78789.127
République démocratique du Congo,COD,2017,81398.764
République démocratique du Congo,COD,2018,84068.091
République démocratique populaire lao,LAO,2013,6541.304
République démocratique populaire lao,LAO,2014,6639.756
République démocratique populaire lao,LAO,2015,6741.164
République démocratique populaire lao,LAO,2016,6845.846
République démocratique populaire lao,LAO,2017,6953.035
République démocratique populaire lao,LAO,2018,7061.507
République dominicaine,DOM,2013,10048.232
République dominicaine,DOM,2014,10165.183
République dominicaine,DOM,2015,10281.68
République dominicaine,DOM,2016,10397.741
République dominicaine,DOM,2017,10513.104
République dominicaine,DOM,2018,10627.141
République populaire démocratique de Corée,PRK,2013,24929.497
République populaire démocratique de Corée,PRK,2014,25057.79
République populaire démocratique de Corée,PRK,2015,25183.833
République populaire démocratique de Corée,PRK,2016,25307.665
République populaire démocratique de Corée,PRK,2017,25429.825
République populaire démocratique de Corée,PRK,2018,25549.604
République-Unie de Tanzanie,TZA,2013,48483.129
République-Unie de Tanzanie,TZA,2014,49960.561
République-Unie de Tanzanie,TZA,2015,51482.633
République-Unie de Tanzanie,TZA,2016,53049.23
République-Unie de Tanzanie,TZA,2017,54660.339
République-Unie de Tanzanie,TZA,2018,56313.438
Réunion,REU,2013,850.514
Réunion,REU,2014,856.961
Réunion,REU,2015,863.363
Réunion,REU,2016,869.743
Réunion,REU,2017,876.134
Réunion,REU,2018,882.526
Roumanie,ROU,2013,20132.776
Roumanie,ROU,2014,20035.93
Roumanie,ROU,2015,19925.175
Roumanie,ROU,2016,19796.285
Roumanie,ROU,2017,19653.969
Roumanie,ROU,2018,19506.114
Royaume-Uni de Grande-Bretagne et d'Irlande du Nord,GRB,2013,64984.018
Royaume-Uni de Grande-Bretagne et d'Irlande du Nord,GRB,2014,65423.047
Royaume-Uni de Grande-Bretagne et d'Irlande du Nord,GRB,2015,65860.146
Royaume-Uni de Grande-Bretagne et d'Irlande du Nord,GRB,2016,66297.944
Royaume-Uni de Grande-Bretagne et d'Irlande du Nord,GRB,2017,66727.461
Royaume-Uni de Grande-Bretagne et d'Irlande du Nord,GRB,2018,67141.684
Rwanda,RWA,2013,10811.538
Rwanda,RWA,2014,11083.63
Rwanda,RWA,2015,11369.071
Rwanda,RWA,2016,11668.827
Rwanda,RWA,2017,11980.961
Rwanda,RWA,2018,12301.97
Sahara occidental,ESH,2013,504.858
Sahara occidental,ESH,2014,514.995
Sahara occidental,ESH,2015,526.216
Sahara occidental,ESH,2016,538.749
Sahara occidental,ESH,2017,552.615
Sahara occidental,ESH,2018,567.402
Saint-Barthélemy,BLM,2013,9.537
Saint-Barthélemy,BLM,2014,9.623
Saint-Barthélemy,BLM,2015,9.693
Saint-Barthélemy,BLM,2016,9.748
Saint-Barthélemy,BLM,2017,9.784
Saint-Barthélemy,BLM,2018,9.816
"Sainte-Hélène, Ascension et Tristan da Cunha",SHN,2013,5.584
"Sainte-Hélène, Ascension et Tristan da Cunha",SHN,2014,5.739
"Sainte-Hélène, Ascension et Tristan da Cunha",SHN,2015,5.865
"Sainte-Hélène, Ascension et Tristan da Cunha",SHN,2016,5.956
"Sainte-Hélène, Ascension et Tristan da Cunha",SHN,2017,6.008
"Sainte-Hélène, Ascension et Tristan da Cunha",SHN,2018,6.035
Sainte-Lucie,LCA,2013,177.513
Sainte-Lucie,LCA,2014,178.296
Sainte-Lucie,LCA,2015,179.126
Sainte-Lucie,LCA,2016,180.024
Sainte-Lucie,LCA,2017,180.954
Sainte-Lucie,LCA,2018,181.889
Saint-Kitts-et-Nevis,KNA,2013,50.331
Saint-Kitts-et-Nevis,KNA,2014,50.774
Saint-Kitts-et-Nevis,KNA,2015,51.203
Saint-Kitts-et-Nevis,KNA,2016,51.625
Saint-Kitts-et-Nevis,KNA,2017,52.045
Saint-Kitts-et-Nevis,KNA,2018,52.441
Saint-Marin,SMR,2013,32.553
Saint-Marin,SMR,2014,32.948
Saint-Marin,SMR,2015,33.272
Saint-Marin,SMR,2016,33.504
Saint-Marin,SMR,2017,33.671
Saint-Marin,SMR,2018,33.785
Saint-Martin (partie française),MAF,2013,36.453
Saint-Martin (partie française),MAF,2014,36.015
Saint-Martin (partie française),MAF,2015,35.858
Saint-Martin (partie française),MAF,2016,36.065
Saint-Martin (partie française),MAF,2017,36.56
Saint-Martin (partie française),MAF,2018,37.264
Saint-Pierre-et-Miquelon,SPM,2013,6.173
Saint-Pierre-et-Miquelon,SPM,2014,6.075
Saint-Pierre-et-Miquelon,SPM,2015,5.993
Saint-Pierre-et-Miquelon,SPM,2016,5.934
Saint-Pierre-et-Miquelon,SPM,2017,5.887
Saint-Pierre-et-Miquelon,SPM,2018,5.849
Saint-Siège,VAT,2013,0.801
Saint-Siège,VAT,2014,0.8
Saint-Siège,VAT,2015,0.803
Saint-Siège,VAT,2016,0.801
Saint-Siège,VAT,2017,0.793
Saint-Siège,VAT,2018,0.801
Saint-Vincent-et-les Grenadines,VCT,2013,108.622
Saint-Vincent-et-les Grenadines,VCT,2014,108.861
Saint-Vincent-et-les Grenadines,VCT,2015,109.148
Saint-Vincent-et-les Grenadines,VCT,2016,109.459
Saint-Vincent-et-les Grenadines,VCT,2017,109.827
Saint-Vincent-et-les Grenadines,VCT,2018,110.211
Samoa,WSM,2013,190.718
Samoa,WSM,2014,192.221
Samoa,WSM,2015,193.513
Samoa,WSM,2016,194.535
Samoa,WSM,2017,195.352
Samoa,WSM,2018,196.129
Samoa américaines,ASM,2013,55.713
Samoa américaines,ASM,2014,55.791
Samoa américaines,ASM,2015,55.812
Samoa américaines,ASM,2016,55.741
Samoa américaines,ASM,2017,55.62
Samoa américaines,ASM,2018,55.465
Sao Tomé-et-Principe,STP,2013,192.087
Sao Tomé-et-Principe,STP,2014,195.727
Sao Tomé-et-Principe,STP,2015,199.432
Sao Tomé-et-Principe,STP,2016,203.227
Sao Tomé-et-Principe,STP,2017,207.089
Sao Tomé-et-Principe,STP,2018,211.028
Sénégal,SEN,2013,13782.424
Sénégal,SEN,2014,14174.739
Sénégal,SEN,2015,14578.459
Sénégal,SEN,2016,14993.519
Sénégal,SEN,2017,15419.355
Sénégal,SEN,2018,15854.323
Serbie,SRB,2013,8918.904
Serbie,SRB,2014,8898.289
Serbie,SRB,2015,8876.777
Serbie,SRB,2016,8853.963
Serbie,SRB,2017,8829.628
Serbie,SRB,2018,8802.754
Seychelles,SYC,2013,93.395
Seychelles,SYC,2014,94.215
Seychelles,SYC,2015,94.978
Seychelles,SYC,2016,95.71
Seychelles,SYC,2017,96.418
Seychelles,SYC,2018,97.096
Sierra Leone,SLE,2013,6863.981
Sierra Leone,SLE,2014,7017.148
Sierra Leone,SLE,2015,7171.914
Sierra Leone,SLE,2016,7328.834
Sierra Leone,SLE,2017,7488.423
Sierra Leone,SLE,2018,7650.15
Singapour,SGP,2013,5453.737
Singapour,SGP,2014,5525.626
Singapour,SGP,2015,5592.152
Singapour,SGP,2016,5653.634
Singapour,SGP,2017,5708.041
Singapour,SGP,2018,5757.499
Sint Maarten  (partie néerlandaise),SXM,2013,37.583
Sint Maarten  (partie néerlandaise),SXM,2014,38.876
Sint Maarten  (partie néerlandaise),SXM,2015,39.968
Sint Maarten  (partie néerlandaise),SXM,2016,40.808
Sint Maarten  (partie néerlandaise),SXM,2017,41.444
Sint Maarten  (partie néerlandaise),SXM,2018,41.94
Slovaquie,SVK,2013,5421.725
Slovaquie,SVK,2014,5428.803
Slovaquie,SVK,2015,5435.611
Slovaquie,SVK,2016,5442.003
Slovaquie,SVK,2017,5447.9
Slovaquie,SVK,2018,5453.014
Slovénie,SVN,2013,2063.11
Slovénie,SVN,2014,2067.488
Slovénie,SVN,2015,2071.199
Slovénie,SVN,2016,2074.21
Slovénie,SVN,2017,2076.394
Slovénie,SVN,2018,2077.837
Somalie,SOM,2013,13063.701
Somalie,SOM,2014,13423.568
Somalie,SOM,2015,13797.201
Somalie,SOM,2016,14185.636
Somalie,SOM,2017,14589.179
Somalie,SOM,2018,15008.226
Soudan,SDN,2013,37072.55
Soudan,SDN,2014,37977.655
Soudan,SDN,2015,38902.95
Soudan,SDN,2016,39847.439
Soudan,SDN,2017,40813.397
Soudan,SDN,2018,41801.533
Soudan du Sud,SSD,2013,10355.035
Soudan du Sud,SSD,2014,10554.88
Soudan du Sud,SSD,2015,10715.658
Soudan du Sud,SSD,2016,10832.518
Soudan du Sud,SSD,2017,10910.763
Soudan du Sud,SSD,2018,10975.927
Sri Lanka,LKA,2013,20663.046
Sri Lanka,LKA,2014,20788.511
Sri Lanka,LKA,2015,20908.027
Sri Lanka,LKA,2016,21021.171
Sri Lanka,LKA,2017,21128.032
Sri Lanka,LKA,2018,21228.763
Suède,SWE,2013,9618.016
Suède,SWE,2014,9692.131
Suède,SWE,2015,9764.95
Suède,SWE,2016,9836.007
Suède,SWE,2017,9904.896
Suède,SWE,2018,9971.638
Suisse,CHE,2013,8108.878
Suisse,CHE,2014,8206.002
Suisse,CHE,2015,8296.775
Suisse,CHE,2016,8379.917
Suisse,CHE,2017,8455.804
Suisse,CHE,2018,8525.611
Suriname,SUR,2013,547.291
Suriname,SUR,2014,553.273
Suriname,SUR,2015,559.143
Suriname,SUR,2016,564.888
Suriname,SUR,2017,570.496
Suriname,SUR,2018,575.99
Tadjikistan,TJK,2013,8059.769
Tadjikistan,TJK,2014,8252.833
Tadjikistan,TJK,2015,8454.028
Tadjikistan,TJK,2016,8663.579
Tadjikistan,TJK,2017,8880.268
Tadjikistan,TJK,2018,9100.835
Tchad,TCD,2013,13220.433
Tchad,TCD,2014,13663.566
Tchad,TCD,2015,14110.975
Tchad,TCD,2016,14561.66
Tchad,TCD,2017,15016.753
Tchad,TCD,2018,15477.729
Tchéquie,CZE,2013,10586.533
Tchéquie,CZE,2014,10591.108
Tchéquie,CZE,2015,10601.397
Tchéquie,CZE,2016,10618.857
Tchéquie,CZE,2017,10641.034
Tchéquie,CZE,2018,10665.677
Thaïlande,THA,2013,68144.518
Thaïlande,THA,2014,68438.746
Thaïlande,THA,2015,68714.511
Thaïlande,THA,2016,68971.308
Thaïlande,THA,2017,69209.81
Thaïlande,THA,2018,69428.453
Timor-Leste,TLS,2013,1153.294
Timor-Leste,TLS,2014,1174.331
Timor-Leste,TLS,2015,1196.302
Timor-Leste,TLS,2016,1219.288
Timor-Leste,TLS,2017,1243.258
Timor-Leste,TLS,2018,1267.974
Togo,TGO,2013,6954.722
Togo,TGO,2014,7138
Togo,TGO,2015,7323.158
Togo,TGO,2016,7509.951
Togo,TGO,2017,7698.474
Togo,TGO,2018,7889.093
Tokélaou,TKL,2013,1.187
Tokélaou,TKL,2014,1.219
Tokélaou,TKL,2015,1.252
Tokélaou,TKL,2016,1.282
Tokélaou,TKL,2017,1.3
Tokélaou,TKL,2018,1.319
Tonga,TON,2013,101.768
Tonga,TON,2014,101.028
Tonga,TON,2015,100.781
Tonga,TON,2016,101.133
Tonga,TON,2017,101.998
Tonga,TON,2018,103.197
Trinité-et-Tobago,TTO,2013,1353.703
Trinité-et-Tobago,TTO,2014,1362.345
Trinité-et-Tobago,TTO,2015,1370.328
Trinité-et-Tobago,TTO,2016,1377.56
Trinité-et-Tobago,TTO,2017,1384.059
Trinité-et-Tobago,TTO,2018,1389.843
Tunisie,TUN,2013,10952.951
Tunisie,TUN,2014,11063.201
Tunisie,TUN,2015,11179.949
Tunisie,TUN,2016,11303.945
Tunisie,TUN,2017,11433.443
Tunisie,TUN,2018,11565.201
Turkménistan,TKM,2013,5366.378
Turkménistan,TKM,2014,5466.328
Turkménistan,TKM,2015,5565.287
Turkménistan,TKM,2016,5662.368
Turkménistan,TKM,2017,5757.667
Turkménistan,TKM,2018,5850.901
Turquie,TUR,2013,75925.462
Turquie,TUR,2014,77229.256
Turquie,TUR,2015,78529.409
Turquie,TUR,2016,79827.871
Turquie,TUR,2017,81116.45
Turquie,TUR,2018,82340.088
Tuvalu,TUV,2013,10.857
Tuvalu,TUV,2014,10.972
Tuvalu,TUV,2015,11.099
Tuvalu,TUV,2016,11.225
Tuvalu,TUV,2017,11.37
Tuvalu,TUV,2018,11.508
Ukraine,UKR,2013,45286.983
Ukraine,UKR,2014,45111.532
Ukraine,UKR,2015,44921.639
Ukraine,UKR,2016,44713.702
Ukraine,UKR,2017,44487.709
Ukraine,UKR,2018,44246.156
Uruguay,URY,2013,3389.443
Uruguay,URY,2014,3400.436
Uruguay,URY,2015,3412.009
Uruguay,URY,2016,3424.129
Uruguay,URY,2017,3436.641
Uruguay,URY,2018,3449.285
Vanuatu,VUT,2013,256.635
Vanuatu,VUT,2014,263.888
Vanuatu,VUT,2015,271.13
Vanuatu,VUT,2016,278.33
Vanuatu,VUT,2017,285.51
Vanuatu,VUT,2018,292.68
Venezuela (République bolivarienne du),VEN,2013,29781.04
Venezuela (République bolivarienne du),VEN,2014,30042.968
Venezuela (République bolivarienne du),VEN,2015,30081.829
Venezuela (République bolivarienne du),VEN,2016,29851.255
Venezuela (République bolivarienne du),VEN,2017,29402.484
Venezuela (République bolivarienne du),VEN,2018,28887.118
Viet Nam,VNM,2013,90752.592
Viet Nam,VNM,2014,91713.848
Viet Nam,VNM,2015,92677.076
Viet Nam,VNM,2016,93640.422
Viet Nam,VNM,2017,94600.648
Viet Nam,VNM,2018,95545.962
Yémen,YEM,2013,25147.109
Yémen,YEM,2014,25823.485
Yémen,YEM,2015,26497.889
Yémen,YEM,2016,27168.208
Yémen,YEM,2017,27834.819
Yémen,YEM,2018,28498.683
Zambie,ZMB,2013,14926.544
Zambie,ZMB,2014,15399.788
Zambie,ZMB,2015,15879.361
Zambie,ZMB,2016,16363.458
Zambie,ZMB,2017,16853.599
Zambie,ZMB,2018,17351.708
Zimbabwe,ZWE,2013,13350.373
Zimbabwe,ZWE,2014,13586.707
Zimbabwe,ZWE,2015,13814.629
Zimbabwe,ZWE,2016,14030.331
Zimbabwe,ZWE,2017,14236.595
Zimbabwe,ZWE,2018,14438.802
